Date,TCS,Reliance,HDFC,SBI
2015-11-18,1013.830810546875,436.671021,506.823273,221.89238
2015-11-19,1018.6161499023438,447.563873,516.634888,224.562454
2015-11-20,1034.0516357421875,453.357422,517.577454,223.687759
2015-11-23,1030.9044189453125,456.661224,515.257507,223.457596
2015-11-24,1020.9447021484376,463.340515,514.435852,222.260651
2015-11-26,1011.2869262695312,473.371552,514.242432,223.273453
2015-11-27,1014.6500244140624,468.774963,521.710083,229.902588
2015-11-30,1023.3592529296876,463.053223,520.912476,228.935837
2015-12-01,1018.336181640625,462.478699,523.449951,230.362946
2015-12-02,1019.7590942382812,468.248291,520.936584,225.20694
2015-12-03,1013.5289306640624,467.88916,520.429138,221.984436
2015-12-04,1003.8925170898438,462.263214,511.801605,221.984436
2015-12-07,1000.1845092773438,455.847229,513.275818,219.728683
2015-12-08,1004.1513061523438,450.508545,507.137482,217.242767
2015-12-09,1020.815185546875,438.538361,506.267456,215.815643
2015-12-10,1028.1021728515625,455.033234,512.62323,213.559891
2015-12-11,1028.7269287109375,456.278137,505.735779,209.27858
2015-12-14,1025.471435546875,457.307526,509.940796,208.035614
2015-12-15,1024.3511962890625,467.266724,512.067505,208.449921
2015-12-16,1038.3843994140625,468.583435,515.861633,209.27858
2015-12-17,1051.9012451171875,483.450378,522.12085,212.593155
2015-12-18,1042.00634765625,474.927643,518.616699,208.541992
2015-12-21,1054.768798828125,475.023376,519.776733,212.178818
2015-12-22,1036.94091796875,472.725128,515.450745,210.245346
2015-12-23,1045.886962890625,480.625427,519.148315,211.442245
2015-12-24,1049.530029296875,479.069305,519.099976,210.199295
2015-12-28,1061.79638671875,483.785553,520.670837,210.751694
2015-12-29,1058.8214111328125,486.179596,521.009094,210.107208
2015-12-30,1042.6533203125,480.960602,519.244995,207.897507
2015-12-31,1050.6512451171875,485.796509,523.039185,206.654526
2016-01-01,1041.8341064453125,486.15564,526.229126,209.738937
2016-01-04,1021.6561279296876,476.555573,517.408325,203.201859
2016-01-05,1012.752685546875,481.27179,513.493286,200.485748
2016-01-06,1026.830078125,494.223511,515.764954,199.65712
2016-01-07,1022.3677368164062,485.150116,510.496674,192.935852
2016-01-08,1033.7286376953125,491.135223,513.469177,192.383438
2016-01-11,1018.5302124023438,503.512329,511.656586,188.102112
2016-01-12,1003.3106689453124,500.567719,506.025757,183.590591
2016-01-13,982.6798706054688,515.602234,512.405823,184.97168
2016-01-14,982.5073852539062,508.324341,507.379089,180.506226
2016-01-15,974.8763427734376,513.902466,503.705872,169.687805
2016-01-18,982.0116577148438,486.87381,495.827454,166.649475
2016-01-19,982.7232666015624,499.681915,500.636688,168.444839
2016-01-20,983.0679931640624,480.984528,492.178314,159.882187
2016-01-21,974.381103515625,471.240845,494.449982,161.677597
2016-01-22,992.2088012695312,480.79303,497.978363,169.964035
2016-01-25,996.0554809570312,480.697266,503.222504,168.444839
2016-01-27,1002.5819091796876,478.494751,500.564117,169.779892
2016-01-28,1007.5303955078124,486.897797,498.654968,170.5625
2016-01-29,1033.50537109375,495.755707,507.42749,165.636673
2016-02-01,1038.43212890625,493.313812,512.212463,159.053543
2016-02-02,1036.4442138671875,479.356567,509.336639,155.969162
2016-02-03,1044.3101806640625,469.900208,504.527496,152.884766
2016-02-04,1045.9306640625,465.902161,507.113281,149.938477
2016-02-05,1046.7515869140625,464.872711,510.037506,154.864319
2016-02-08,1021.2523193359376,460.156433,500.660767,158.501114
2016-02-09,986.0071411132812,458.456726,495.924194,153.805466
2016-02-10,980.5611572265624,460.922607,489.592468,146.393738
2016-02-11,949.9406127929688,442.680023,471.394989,142.020325
2016-02-12,962.3226928710938,434.061554,469.51001,142.526718
2016-02-15,980.7127075195312,453.309509,470.573303,154.542053
2016-02-16,979.1566772460938,445.552887,470.500824,143.999863
2016-02-17,983.4786376953124,456.110535,471.20166,146.347672
2016-02-18,1000.8961181640624,450.125458,478.234161,147.130295
2016-02-19,1002.5383911132812,452.160431,478.161652,151.6418
2016-02-22,1000.9176025390624,460.755005,477.895844,151.871979
2016-02-23,978.4869384765624,454.69812,468.857513,145.933365
2016-02-24,955.55908203125,456.134521,458.973328,143.907776
2016-02-25,956.3800048828124,452.04071,455.614166,139.764572
2016-02-26,955.364501953125,455.033234,464.483307,143.53949
2016-02-29,940.799560546875,462.837799,469.727448,146.163544
2016-03-01,983.9540405273438,469.852295,475.672546,149.20192
2016-03-02,1002.1926879882812,479.52417,486.813324,166.787567
2016-03-03,1025.66064453125,484.958618,490.99411,168.260696
2016-03-04,1018.9185791015624,481.870361,493.265808,173.462753
2016-03-08,1017.5140991210938,491.733734,490.172485,168.813141
2016-03-09,1018.788818359375,498.772247,495.320007,168.859161
2016-03-10,1014.921142578125,484.431915,493.604126,166.189102
2016-03-11,1022.2462768554688,485.748657,497.204987,165.820831
2016-03-14,1017.8167724609376,488.26236,496.649109,167.339996
2016-03-15,1006.9682006835938,488.621521,496.238281,170.608551
2016-03-16,1005.73681640625,489.220001,498.050812,170.516449
2016-03-17,1016.5413818359376,496.674988,492.226654,171.575287
2016-03-18,1048.437255859375,502.150146,497.059967,176.086777
2016-03-21,1057.2542724609375,507.087616,505.373291,181.196762
2016-03-22,1068.85888671875,512.244995,509.36084,181.841248
2016-03-23,1069.1611328125,503.127899,507.18576,181.012619
2016-03-28,1068.98828125,498.825989,506.291626,173.370682
2016-03-29,1067.2596435546875,506.57431,509.336639,174.475525
2016-03-30,1075.946533203125,511.853973,514.72583,181.887283
2016-03-31,1089.258056640625,510.949524,517.722534,178.848938
2016-04-01,1060.560302734375,505.694366,514.48407,180.137939
2016-04-04,1068.0592041015625,505.987671,516.707397,179.26326
2016-04-05,1064.3853759765625,502.027924,511.10083,169.733856
2016-04-06,1072.661865234375,505.352142,513.058289,169.273483
2016-04-07,1067.864501953125,507.063141,510.158325,167.524139
2016-04-08,1051.116943359375,506.623169,512.019043,168.582977
2016-04-11,1083.3585205078125,508.554169,517.625854,173.324646
2016-04-12,1088.3291015625,512.025024,513.783386,172.910309
2016-04-13,1091.8079833984375,521.142151,522.845825,176.685242
2016-04-18,1089.0203857421875,520.506653,525.77002,171.943558
2016-04-20,1059.0263671875,507.087616,530.627502,172.449966
2016-04-21,1047.810791015625,508.969666,527.389099,178.941025
2016-04-22,1044.634033203125,507.894165,527.872498,184.281143
2016-04-25,1059.4154052734375,497.11499,528.404175,181.426926
2016-04-26,1076.0760498046875,497.139404,538.36084,185.017731
2016-04-27,1085.281982421875,498.337158,543.363281,180.598282
2016-04-28,1092.4779052734375,487.240173,538.409058,176.823364
2016-04-29,1095.827880859375,480.39621,547.302429,174.015182
2016-05-02,1092.024169921875,482.473846,540.197388,171.253021
2016-05-03,1071.01953125,477.023102,540.366638,169.457657
2016-05-04,1070.9764404296875,478.147461,544.885742,165.682693
2016-05-05,1067.6488037109375,476.754272,547.278381,166.050995
2016-05-06,1068.98828125,473.674469,541.164185,169.733856
2016-05-09,1085.90869140625,480.591766,551.676636,173.738968
2016-05-10,1090.381591796875,480.322815,553.368286,174.475525
2016-05-11,1088.3936767578125,476.827606,550.420044,170.332306
2016-05-12,1109.0958251953125,485.333588,555.398315,173.554825
2016-05-13,1090.5980224609375,478.171906,551.434998,170.194229
2016-05-16,1102.5911865234375,477.096436,562.020081,162.782455
2016-05-17,1110.8243408203125,473.772278,557.500793,162.828491
2016-05-18,1102.56982421875,474.456635,551.314148,165.682693
2016-05-19,1105.09814453125,464.997314,550.661682,159.007507
2016-05-20,1093.148193359375,456.686829,551.434998,157.764542
2016-05-23,1076.7896728515625,454.633606,549.429138,155.048447
2016-05-24,1066.524658203125,459.742157,550.975708,156.061218
2016-05-25,1091.915771484375,464.997314,567.095032,161.217239
2016-05-26,1101.532470703125,462.870789,571.904175,169.549698
2016-05-27,1111.8834228515625,476.485382,573.619934,180.368103
2016-05-30,1139.435546875,473.552277,570.212463,183.084229
2016-05-31,1110.4788818359375,468.248169,571.251648,188.700577
2016-06-01,1138.2042236328125,466.170563,567.989197,182.531799
2016-06-02,1145.378662109375,467.466034,567.892456,184.649445
2016-06-03,1136.4752197265625,469.128143,566.345825,183.390152
2016-06-06,1140.8203125,466.757202,566.031677,185.535599
2016-06-07,1148.9638671875,466.879395,567.28833,196.029694
2016-06-08,1141.08251953125,466.414978,561.923279,196.54274
2016-06-09,1125.4271240234375,474.749939,560.376648,195.843155
2016-06-10,1116.038330078125,477.463104,561.319153,192.111908
2016-06-13,1112.2178955078125,479.614014,557.234924,188.240738
2016-06-14,1106.912353515625,477.243103,556.727478,193.744324
2016-06-15,1116.519287109375,481.325012,565.282532,201.533279
2016-06-16,1117.1524658203125,477.267517,561.705811,201.486633
2016-06-17,1136.497314453125,476.58316,565.499939,199.107971
2016-06-20,1161.2568359375,484.062622,566.490784,201.393356
2016-06-21,1157.719482421875,482.54715,563.880859,199.621002
2016-06-22,1164.9027099609375,479.32074,566.224976,198.59491
2016-06-23,1155.165283203125,479.296295,575.214966,202.932495
2016-06-24,1123.986328125,465.119568,561.585022,197.055801
2016-06-27,1089.8817138671875,467.17276,560.642395,202.559372
2016-06-28,1075.95166015625,468.223755,564.025757,201.393356
2016-06-29,1092.9605712890625,472.672333,569.312988,202.606003
2016-06-30,1114.88134765625,473.772278,573.284607,204.098511
2016-07-01,1092.0655517578125,475.874329,572.334229,204.844742
2016-07-04,1089.1612548828125,482.351624,571.50592,208.016296
2016-07-05,1085.27490234375,485.480286,567.997314,208.482697
2016-07-07,1061.039306640625,482.938263,577.767639,205.264511
2016-07-08,1059.641845703125,478.294128,572.504761,203.632095
2016-07-11,1076.03857421875,485.186981,584.63855,209.602081
2016-07-12,1076.3883056640625,490.515472,585.808105,211.467697
2016-07-13,1088.6810302734375,493.130859,583.664063,212.400482
2016-07-14,1101.2568359375,491.248779,584.930969,216.41156
2016-07-15,1067.8297119140625,494.817352,596.309509,215.94516
2016-07-18,1062.633056640625,491.908691,598.13678,213.379944
2016-07-19,1076.934326171875,497.554932,593.702332,214.172852
2016-07-20,1089.48876953125,500.096954,600.451538,215.618668
2016-07-21,1094.3359375,491.957581,598.697266,210.488205
2016-07-22,1098.2880859375,496.112854,599.769348,208.482697
2016-07-25,1120.3314208984375,499.974792,607.63916,214.452667
2016-07-26,1117.5513916015625,500.610352,603.667786,211.467697
2016-07-27,1128.4749755859375,495.257355,602.766174,213.846359
2016-07-28,1146.7314453125,501.73465,608.370117,215.47876
2016-07-29,1146.7535400390625,496.137299,607.273621,213.986267
2016-08-01,1185.6966552734375,493.497467,605.373291,212.027374
2016-08-02,1181.7340087890625,495.110657,605.860535,212.72699
2016-08-03,1162.951904296875,485.895844,604.47168,211.421036
2016-08-04,1161.06982421875,485.431396,604.739685,210.488205
2016-08-05,1159.8001708984375,496.797241,608.76001,217.111176
2016-08-08,1159.9752197265625,503.152344,608.930542,217.577576
2016-08-09,1160.2816162109375,503.861176,607.760986,219.34993
2016-08-10,1171.3140869140625,490.637695,597.868835,215.94516
2016-08-11,1186.4188232421875,495.746185,598.526611,211.887451
2016-08-12,1198.918212890625,506.35434,598.745911,226.952316
2016-08-16,1178.4505615234375,501.025818,598.063721,230.170471
2016-08-17,1149.0517578125,495.355103,601.767212,229.704102
2016-08-18,1155.18115234375,497.677185,610.34375,231.709625
2016-08-19,1139.8360595703125,496.137299,607.71228,241.130997
2016-08-22,1115.84375,494.646271,609.271729,237.679596
2016-08-23,1138.76318359375,493.961853,609.832031,237.632965
2016-08-24,1126.0665283203125,498.874878,614.87561,237.306473
2016-08-25,1116.8731689453125,495.061829,613.29187,233.342026
2016-08-26,1105.4461669921875,502.492371,612.585327,230.030563
2016-08-29,1094.763427734375,516.937988,603.326477,232.315948
2016-08-30,1113.8521728515625,521.313293,618.213623,235.300949
2016-08-31,1099.4697265625,518.184631,629.202148,235.534134
2016-09-01,1097.80615234375,503.127899,625.547485,235.067749
2016-09-02,1101.0020751953125,495.379578,626.229675,237.493042
2016-09-06,1087.53955078125,498.581543,633.685364,242.623505
2016-09-07,1068.494873046875,497.481628,627.033752,248.873291
2016-09-08,1016.6365356445312,505.181091,628.325073,250.319138
2016-09-09,1029.9244384765625,510.631836,628.812378,246.354736
2016-09-12,1032.8135986328125,511.584991,623.69574,235.767334
2016-09-14,1019.4165649414062,510.729553,618.603455,240.244812
2016-09-15,1018.76025390625,520.628845,623.5495,238.798965
2016-09-16,1033.9737548828125,525.786194,632.442749,237.213211
2016-09-19,1055.7550048828125,529.134827,628.690613,238.472488
2016-09-20,1053.587158203125,525.126282,627.862183,237.353104
2016-09-21,1056.6085205078125,524.173035,630.079346,234.274841
2016-09-22,1041.110107421875,532.336914,636.852783,240.571304
2016-09-23,1049.9102783203125,539.107544,639.679138,237.446426
2016-09-26,1051.2237548828125,541.258423,631.61438,234.741257
2016-09-27,1066.546630859375,542.871643,632.540222,232.269333
2016-09-28,1060.833251953125,533.167969,631.175842,236.700165
2016-09-29,1067.291259765625,524.270752,622.526123,230.636902
2016-09-30,1064.2261962890625,529.770386,620.260254,234.368134
2016-10-03,1055.8641357421875,533.192383,627.25293,238.146011
2016-10-04,1052.99609375,535.954346,628.398193,242.297028
2016-10-05,1044.765625,532.556885,626.716919,243.323105
2016-10-06,1045.81640625,543.018372,624.69458,239.545212
2016-10-07,1036.64453125,542.138428,624.036804,241.317566
2016-10-10,1042.1173095703125,535.954346,625.864197,239.358658
2016-10-13,1019.6135864257812,516.791321,615.338562,232.875626
2016-10-14,1035.9439697265625,526.812805,614.87561,235.161026
2016-10-17,1034.30224609375,518.502319,603.131592,236.187088
2016-10-18,1050.82958984375,528.49939,612.950745,239.638489
2016-10-19,1048.5963134765625,531.554749,613.194397,238.239304
2016-10-20,1051.2451171875,531.652527,611.805542,242.716782
2016-10-21,1063.28515625,520.237671,619.212463,241.130997
2016-10-24,1065.721435546875,519.797791,615.728394,245.282013
2016-10-25,1052.881103515625,518.600098,609.271729,243.882813
2016-10-26,1051.915283203125,515.27594,603.911377,241.364197
2016-10-27,1061.50732421875,512.660522,610.148743,238.239304
2016-10-28,1052.99072265625,515.715881,613.535583,240.664581
2016-11-01,1031.6121826171875,513.784851,613.901001,241.550766
2016-11-02,1011.44091796875,500.463623,607.249329,234.181564
2016-11-03,1018.2010498046876,500.561371,611.537537,229.144409
2016-11-04,1023.0737915039062,491.566498,606.05542,226.532547
2016-11-07,999.5885620117188,489.415527,608.857422,235.720718
2016-11-08,1002.288330078125,490.564331,611.220825,235.674057
2016-11-09,952.5296020507812,491.102081,609.734558,242.530197
2016-11-10,946.2078857421876,493.937439,623.037842,262.399048
2016-11-11,922.3711547851562,489.708862,621.697754,254.656723
2016-11-15,931.216796875,481.716156,611.440186,259.507324
2016-11-16,961.1995849609376,482.27829,606.372253,258.574524
2016-11-17,938.1964721679688,477.976379,599.476868,258.807709
2016-11-18,932.8848876953124,482.742706,590.315674,257.268585
2016-11-21,936.3087158203124,484.69812,584.126953,240.058258
2016-11-22,937.230712890625,489.562225,583.810181,240.058258
2016-11-23,946.6031494140624,493.253021,577.329102,241.27092
2016-11-24,960.6942749023438,482.669342,567.948486,244.162613
2016-11-25,1009.8173217773438,485.77359,579.546326,243.416397
2016-11-28,1002.0250854492188,482.327179,577.182861,236.513596
2016-11-29,992.0376586914062,487.729004,574.405212,235.720718
2016-11-30,999.1495971679688,483.989288,584.565491,240.991074
2016-12-01,993.6181640625,487.753448,583.420349,238.472488
2016-12-02,975.3564453125,486.286896,579.448853,237.026657
2016-12-05,959.61865234375,485.846893,582.98175,239.638489
2016-12-06,958.0169677734376,491.395386,582.055908,241.690689
2016-12-07,945.8128662109376,488.437866,575.794067,238.425858
2016-12-08,963.8992919921876,498.654877,584.516724,242.43692
2016-12-09,963.6796264648438,503.005615,583.932007,248.733368
2016-12-12,969.3643188476562,502.150146,577.182861,245.934967
2016-12-13,965.8963623046876,508.309723,578.059998,248.266968
2016-12-14,969.1012573242188,517.940125,572.919006,245.235352
2016-12-15,991.7962646484376,514.738159,573.357605,247.567352
2016-12-16,1002.0465087890624,516.791321,576.135254,246.961029
2016-12-19,1004.7903442382812,519.431213,573.430664,243.789505
2016-12-20,1026.915283203125,517.157959,575.940247,237.446426
2016-12-21,1015.6334838867188,519.773315,575.014404,238.192642
2016-12-22,1013.0432739257812,514.933716,571.652039,233.015579
2016-12-23,1004.4392700195312,516.864685,578.059998,232.409225
2016-12-26,1006.6341552734376,512.049377,572.577942,227.791855
2016-12-27,1019.935546875,520.482178,577.54834,232.036102
2016-12-28,1015.54541015625,513.149353,578.30365,231.103302
2016-12-29,1032.358642578125,520.848816,587.294373,231.010025
2016-12-30,1038.4383544921875,529.134827,587.781616,233.388687
2017-01-02,1036.594970703125,530.454773,583.34729,227.232147
2017-01-03,1039.6239013671875,532.556885,579.838684,228.444794
2017-01-04,1044.5623779296875,521.679932,577.69458,226.579178
2017-01-05,1024.7640380859375,526.690674,578.035645,228.864563
2017-01-06,1001.4981079101562,525.49292,581.666016,229.377609
2017-01-09,1011.2871704101562,526.837219,582.421326,230.450333
2017-01-10,1016.401611328125,532.776794,591.753235,231.616348
2017-01-11,1020.3743896484376,530.919189,601.328674,235.207642
2017-01-12,1029.1319580078125,529.57489,601.815979,234.368134
2017-01-13,987.40673828125,533.045715,600.597656,234.041641
2017-01-16,991.467041015625,526.128418,607.980286,238.565765
2017-01-17,1000.3346557617188,509.018524,603.521484,238.798965
2017-01-18,1007.5120849609376,504.765564,605.519409,240.991074
2017-01-19,1005.7122802734376,505.327698,602.449463,241.037735
2017-01-20,1003.2320556640624,501.46582,602.473816,234.181564
2017-01-23,1015.4923706054688,496.626129,606.518372,237.073273
2017-01-24,1020.6217041015624,502.199097,617.677673,237.772873
2017-01-25,1035.8756103515625,497.310516,628.909851,241.783951
2017-01-27,1037.98876953125,501.123596,629.543335,248.546814
2017-01-30,1027.02685546875,510.754059,626.156616,246.214813
2017-01-31,981.6385498046876,510.949524,626.984985,242.856689
2017-02-01,954.3876342773438,513.124939,636.268127,252.511276
2017-02-02,971.8870849609376,510.118469,632.856934,254.936554
2017-02-03,982.84912109375,505.303284,638.875122,258.90097
2017-02-06,986.458740234375,509.214142,640.361389,258.43457
2017-02-07,988.1538696289062,503.958954,636.974731,259.227478
2017-02-08,999.7540893554688,501.148041,636.243713,258.574524
2017-02-09,1020.1589965820312,504.863312,632.345276,257.315247
2017-02-10,1055.6641845703125,503.592346,635.24469,257.781647
2017-02-13,1062.840087890625,503.445648,638.460938,253.397415
2017-02-14,1059.3179931640625,513.198303,638.899475,252.044891
2017-02-15,1062.5977783203125,513.93158,644.308472,250.878845
2017-02-16,1077.587646484375,521.850952,647.086121,252.324707
2017-02-17,1060.04443359375,525.76178,671.036987,251.251984
2017-02-20,1101.558837890625,525.712891,686.654968,251.531815
2017-02-21,1085.3358154296875,531.970215,689.798096,252.511276
2017-02-22,1061.6295166015625,590.290466,681.806335,254.003723
2017-02-23,1092.578125,578.191284,679.442932,252.278091
2017-02-27,1096.121826171875,605.640442,679.101746,250.225876
2017-02-28,1085.7322998046875,605.224976,677.396179,251.112061
2017-03-01,1091.5872802734375,603.489441,678.15155,253.490707
2017-03-02,1101.2286376953125,604.589355,672.523193,249.339722
2017-03-03,1097.9708251953125,615.246399,671.012634,247.240891
2017-03-06,1088.483642578125,638.124695,672.839966,251.718384
2017-03-07,1100.5020751953125,637.929199,675.495667,249.806122
2017-03-08,1105.9609375,631.207458,678.419495,251.765015
2017-03-09,1109.284912109375,629.032043,679.394104,254.889923
2017-03-10,1119.1900634765625,626.53894,682.269165,253.770554
2017-03-14,1130.3060302734375,630.376465,687.434509,256.195862
2017-03-15,1099.841796875,637.929199,690.309753,258.714447
2017-03-16,1109.791259765625,634.360596,690.675171,260.533417
2017-03-17,1111.9263916015625,635.851624,694.817261,255.729446
2017-03-20,1091.78564453125,626.123352,699.811951,255.496246
2017-03-21,1094.734619140625,617.812927,702.175415,254.0504
2017-03-22,1091.323486328125,615.808533,697.278076,249.526291
2017-03-23,1083.134765625,622.45697,697.278076,250.459061
2017-03-24,1068.5411376953125,629.032043,694.086182,257.92157
2017-03-27,1061.8714599609375,611.604431,687.020447,260.67334
2017-03-28,1069.7518310546875,608.989136,692.063965,263.145264
2017-03-29,1076.201416015625,614.317627,696.157227,269.068634
2017-03-30,1074.615966796875,621.16156,714.479736,271.493896
2017-03-31,1070.5662841796875,645.72644,702.955139,273.686005
2017-04-03,1061.71728515625,672.002258,698.398865,273.452759
2017-04-05,1057.1170654296875,691.727478,697.984619,277.370636
2017-04-06,1056.5885009765625,703.215576,700.981567,273.172974
2017-04-07,1069.3555908203125,687.621033,701.152039,270.001404
2017-04-10,1066.36181640625,675.277588,698.861816,269.908142
2017-04-11,1065.063232421875,670.877869,701.468811,274.712097
2017-04-12,1053.5950927734375,661.907471,703.515503,270.654388
2017-04-13,1025.15576171875,667.187012,701.858765,271.960327
2017-04-17,1019.0807495117188,680.410461,700.153198,270.421204
2017-04-18,1016.4170532226562,669.826904,705.269775,270.794312
2017-04-19,1012.1687622070312,669.142517,706.098206,264.964264
2017-04-20,1023.769287109375,669.509155,712.506287,265.663849
2017-04-21,1017.2974243164062,685.616882,729.293762,263.238586
2017-04-24,1024.9136962890625,692.900757,747.055847,266.829865
2017-04-25,1017.6056518554688,700.429077,749.005005,266.829865
2017-04-26,1017.0994873046876,692.43634,755.632324,267.202972
2017-04-27,1013.7097778320312,689.038818,764.379333,263.098572
2017-04-28,1000.7224731445312,682.048157,753.609985,270.28125
2017-05-02,1008.0967407226562,669.997986,750.734924,268.92868
2017-05-03,1028.9638671875,669.778015,752.538025,270.327881
2017-05-04,1025.7943115234375,663.83844,747.90863,278.95636
2017-05-05,1021.5678100585938,649.319458,746.641541,276.111328
2017-05-08,1031.2310791015625,645.970886,747.90863,279.282867
2017-05-09,1035.677490234375,650.346069,748.371582,276.577728
2017-05-10,1026.8284912109375,664.400574,756.192749,274.665466
2017-05-11,1034.312744140625,664.620544,753.561279,278.07019
2017-05-12,1039.2435302734375,660.171997,756.119568,277.883606
2017-05-15,1041.2025146484375,657.06781,756.972351,281.148499
2017-05-16,1069.3994140625,663.03186,760.018005,286.838593
2017-05-17,1080.9339599609375,661.467468,758.799744,286.978516
2017-05-18,1116.5264892578125,648.879517,758.775391,282.59436
2017-05-19,1103.7381591796875,644.724243,760.797729,287.305023
2017-05-22,1114.3917236328125,647.315186,767.985413,274.525543
2017-05-23,1110.1429443359375,638.222473,764.622925,269.441711
2017-05-24,1126.6304931640625,634.384949,763.477844,264.124725
2017-05-25,1155.443603515625,636.707031,788.037781,270.607727
2017-05-26,1135.0386962890625,653.743652,792.350403,271.501953
2017-05-29,1132.6612548828125,663.325073,795.225464,267.313416
2017-05-30,1123.0860595703125,664.522766,793.836731,271.878418
2017-05-31,1121.105224609375,655.405762,797.320801,271.360718
2017-06-01,1124.186767578125,649.319458,793.617371,270.560699
2017-06-02,1129.1614990234375,647.608521,796.370605,270.184174
2017-06-05,1146.3524169921875,649.857239,797.004089,270.372437
2017-06-06,1186.876708984375,641.766785,798.660889,270.419464
2017-06-07,1151.3275146484375,654.574707,799.562439,273.478546
2017-06-08,1110.099609375,651.005981,801.487305,271.643127
2017-06-09,1103.671630859375,652.961426,812.232239,271.596069
2017-06-12,1094.9554443359375,645.017517,813.182495,268.207581
2017-06-13,1091.3270263671875,642.524414,817.056519,267.172211
2017-06-14,1099.6295166015625,663.618469,814.376404,267.501648
2017-06-15,1073.364990234375,676.548584,811.038269,267.313416
2017-06-16,1068.245361328125,678.919556,813.426147,269.148834
2017-06-19,1082.4908447265625,688.916565,824.950806,271.878418
2017-06-20,1088.4111328125,690.432007,821.856445,273.055023
2017-06-21,1071.183837890625,695.149475,827.777039,273.807983
2017-06-22,1066.0869140625,700.355774,827.436035,277.196472
2017-06-23,1051.32958984375,701.920105,818.006775,271.972565
2017-06-27,1042.938232421875,702.555603,812.646423,263.218994
2017-06-28,1046.1436767578125,683.661499,812.061707,260.159943
2017-06-29,1038.6650390625,680.825989,815.789856,256.442017
2017-06-30,1051.6190185546875,674.617676,810.39386,257.571533
2017-07-03,1056.627197265625,675.13092,813.606873,258.701019
2017-07-04,1053.6221923828125,695.125,811.031555,256.959717
2017-07-05,1048.7921142578125,705.244385,808.775085,258.748077
2017-07-06,1045.031005859375,705.195435,813.386108,264.489685
2017-07-07,1038.0863037109375,728.953674,817.825439,263.642548
2017-07-10,1083.9373779296875,729.784729,822.313904,268.772308
2017-07-11,1102.1220703125,730.518005,824.300598,266.889832
2017-07-12,1085.9407958984375,738.706299,824.717529,270.748932
2017-07-13,1089.03466796875,749.488342,825.845825,271.784302
2017-07-14,1067.244384765625,755.224792,824.079834,274.466888
2017-07-17,1066.353759765625,764.088074,825.257141,275.784607
2017-07-18,1072.096435546875,748.405029,825.845825,273.9021
2017-07-19,1090.459228515625,754.830872,830.138,276.066925
2017-07-20,1088.27783203125,752.83667,839.262024,273.855042
2017-07-21,1108.977783203125,780.460571,835.411316,273.572693
2017-07-24,1129.7357177734375,795.355774,851.132996,277.24353
2017-07-25,1147.949462890625,788.905334,853.36499,278.702454
2017-07-26,1141.0303955078125,799.048828,857.240295,278.420044
2017-07-27,1107.8616943359375,785.286133,877.891968,280.820282
2017-07-28,1109.022216796875,785.11377,872.422424,281.526184
2017-07-31,1112.3704833984375,795.331116,875.31665,294.138885
2017-08-01,1116.7674560546875,789.619202,881.595459,290.844513
2017-08-02,1104.3348388671875,802.224854,878.873047,289.62088
2017-08-03,1111.3212890625,812.516052,873.133667,282.890991
2017-08-04,1126.209228515625,798.753357,878.186279,287.31485
2017-08-07,1117.57080078125,795.897461,877.352295,292.915253
2017-08-08,1117.392333984375,789.102295,872.128052,285.808868
2017-08-09,1121.3880615234375,787.255798,865.530273,284.538116
2017-08-10,1121.1422119140625,780.140503,863.568176,279.267212
2017-08-11,1114.2679443359375,761.379883,857.976135,263.689575
2017-08-14,1102.3704833984375,774.576416,861.973938,261.854187
2017-08-16,1112.6160888671875,771.154114,873.771423,266.466309
2017-08-17,1109.624755859375,771.646545,865.996338,264.34848
2017-08-18,1122.1915283203125,775.733521,859.496765,262.324829
2017-08-21,1128.887451171875,770.317078,855.106384,258.512756
2017-08-22,1114.9373779296875,768.175049,856.970459,257.806824
2017-08-23,1111.3212890625,779.007996,869.454651,262.607178
2017-08-24,1114.513671875,772.114319,864.573792,263.83078
2017-08-28,1110.361572265625,771.375732,864.451172,262.936615
2017-08-29,1103.0179443359375,754.437012,856.553528,260.724701
2017-08-30,1109.1337890625,770.169312,867.541565,260.348206
2017-08-31,1114.401611328125,785.138428,871.416748,261.430603
2017-09-01,1096.5897216796875,792.819885,867.0755,261.524719
2017-09-04,1096.4779052734375,794.420227,858.883545,261.430603
2017-09-05,1109.044921875,803.898987,861.066467,260.301147
2017-09-06,1095.138916015625,810.201721,863.298462,258.136292
2017-09-07,1098.21923828125,805.671631,866.560486,258.089203
2017-09-08,1102.9066162109375,804.489929,876.910828,255.8302
2017-09-11,1095.6968994140625,805.474731,894.423035,255.030167
2017-09-12,1110.8748779296875,811.23584,900.235901,257.383301
2017-09-13,1111.2098388671875,836.102234,903.498047,257.336182
2017-09-14,1110.2054443359375,831.030457,902.296143,258.089203
2017-09-15,1118.7318115234375,829.011597,906.980774,255.547836
2017-09-18,1115.60693359375,832.70459,912.622009,254.512482
2017-09-19,1115.249755859375,825.860168,907.348694,252.065231
2017-09-20,1113.1517333984375,834.280334,906.931702,254.183029
2017-09-21,1127.146728515625,828.568359,902.149048,252.724106
2017-09-22,1117.63818359375,804.9823,894.791016,246.464828
2017-09-25,1120.830078125,809.069275,882.846375,243.546982
2017-09-26,1104.7144775390625,807.641235,879.191895,243.076355
2017-09-27,1113.7989501953125,787.009521,871.441345,235.687576
2017-09-28,1105.5181884765625,774.502441,880.663452,237.711273
2017-09-29,1087.4384765625,769.036804,885.765076,238.934875
2017-10-03,1093.0184326171875,786.22168,887.310242,236.534714
2017-10-04,1090.27294921875,806.410217,881.497314,238.323059
2017-10-05,1084.603515625,811.629761,882.282227,236.817093
2017-10-06,1092.2147216796875,824.33374,883.018066,241.66449
2017-10-09,1095.540771484375,818.031006,880.761536,241.758606
2017-10-10,1097.840087890625,830.390381,884.293457,241.852737
2017-10-11,1116.18701171875,827.386658,878.137268,236.958267
2017-10-12,1137.5479736328125,859.491394,892.191101,236.440582
2017-10-13,1142.1907958984375,863.135193,907.888367,237.287704
2017-10-16,1153.7083740234375,863.479919,911.003296,237.240646
2017-10-17,1158.2392578125,861.067078,908.10907,236.393494
2017-10-18,1154.6903076171875,900.607117,916.570923,229.428299
2017-10-19,1153.485107421875,896.077087,906.71106,228.487076
2017-10-23,1155.2706298828125,925.473633,914.02002,231.499039
2017-10-24,1151.029541015625,920.05719,915.884155,239.499619
2017-10-25,1145.8819580078125,925.621338,880.565369,305.810272
2017-10-26,1136.459228515625,933.007446,880.687988,301.668793
2017-10-27,1156.8040771484375,915.723877,878.578674,292.774017
2017-10-30,1171.08349609375,928.181763,890.327026,293.668243
2017-10-31,1174.574951171875,926.556824,887.13855,287.83252
2017-11-01,1165.107666015625,938.079102,893.368408,301.057037
2017-11-02,1175.537109375,932.219482,893.809937,295.880157
2017-11-03,1172.829345703125,930.93927,898.028503,305.904419
2017-11-06,1193.173828125,918.33374,896.998413,309.669373
2017-11-07,1213.0931396484375,892.925659,894.594727,298.562744
2017-11-08,1224.26171875,874.312805,895.698425,291.362183
2017-11-09,1224.8883056640625,886.819824,896.630432,295.268341
2017-11-10,1212.511474609375,870.422791,893.760803,313.952026
2017-11-13,1234.9820556640625,861.953491,889.615845,311.598938
2017-11-14,1215.1298828125,873.229492,884.121704,309.763519
2017-11-15,1210.96728515625,870.275085,883.091614,305.85733
2017-11-16,1229.4765625,890.118958,886.746155,313.810883
2017-11-17,1211.862548828125,898.046692,895.502258,317.669952
2017-11-20,1210.138916015625,906.860657,901.683044,313.434357
2017-11-21,1196.4864501953125,918.382935,905.656372,311.222473
2017-11-22,1199.9329833984375,916.610291,910.071289,315.599213
2017-11-23,1200.2015380859375,932.613403,903.988525,315.269806
2017-11-24,1203.245361328125,936.651123,908.182617,312.869598
2017-11-27,1202.2608642578125,936.897339,911.199524,315.92868
2017-11-28,1202.0145263671875,929.01886,915.025635,312.493134
2017-11-29,1189.861328125,931.628662,918.925476,309.575287
2017-11-30,1180.393798828125,907.550049,909.310852,301.527618
2017-12-01,1177.238525390625,896.273987,906.612915,294.374176
2017-12-04,1178.312744140625,887.903137,899.69635,295.174225
2017-12-05,1179.7449951171875,899.819336,893.000427,300.351074
2017-12-06,1178.7379150390625,912.572571,884.587769,294.044739
2017-12-07,1171.553466796875,917.398132,887.702698,297.809723
2017-12-08,1164.50341796875,907.008484,902.786743,294.703613
2017-12-11,1191.18212890625,902.232117,905.72998,299.692169
2017-12-12,1169.2706298828125,901.69043,892.730652,299.739288
2017-12-13,1176.54443359375,900.754883,893.441956,294.891846
2017-12-14,1144.942138671875,907.500793,901.634033,295.550751
2017-12-15,1139.4810791015625,905.777405,918.998962,293.903564
2017-12-18,1155.1031494140625,907.008484,921.69696,300.162811
2017-12-19,1152.775146484375,911.88324,924.419495,301.009949
2017-12-20,1158.885498046875,904.20166,916.39917,298.845093
2017-12-21,1161.9072265625,899.080688,916.472778,298.13916
2017-12-22,1184.7584228515625,906.417603,920.568787,301.057037
2017-12-26,1185.966796875,915.674683,916.497253,298.515656
2017-12-27,1172.7396240234375,909.716675,910.807068,296.3508
2017-12-28,1175.895263671875,910.159851,921.255615,290.279755
2017-12-29,1209.1314697265625,907.057678,918.483948,291.691589
2018-01-01,1184.244140625,895.92926,909.703308,289.056152
2018-01-02,1177.7979736328125,897.308044,918.459412,285.432343
2018-01-03,1181.1326904296875,900.902649,908.795837,285.055878
2018-01-04,1189.3916015625,906.319092,912.352173,290.373871
2018-01-05,1203.760009765625,909.224243,914.167236,288.35022
2018-01-08,1215.040283203125,914.443665,912.695618,287.83252
2018-01-09,1212.623291015625,926.655334,914.216248,286.420624
2018-01-10,1256.3118896484375,928.033997,914.461609,283.408691
2018-01-11,1249.10498046875,923.503967,918.557556,284.444061
2018-01-12,1242.7711181640625,934.583069,915.001221,284.491119
2018-01-15,1229.230224609375,934.730774,930.919128,284.820557
2018-01-16,1276.1192626953125,908.928772,932.096436,278.749512
2018-01-17,1293.173583984375,910.455261,927.362732,289.056152
2018-01-18,1306.266845703125,905.728149,948.848328,285.432343
2018-01-19,1324.664306640625,917.151855,957.628906,291.079803
2018-01-22,1398.2943115234375,956.741272,963.098389,288.491425
2018-01-23,1391.8333740234375,968.312744,957.1875,299.409821
2018-01-24,1424.408203125,951.669434,960.302368,310.51651
2018-01-25,1400.3807373046875,951.226318,968.788635,294.750671
2018-01-29,1435.2886962890625,949.847595,980.904968,293.76236
2018-01-30,1414.6488037109375,935.961853,978.869263,295.127136
2018-01-31,1396.47705078125,946.696228,983.872681,294.844818
2018-02-01,1408.2554931640625,929.51123,976.735413,288.06781
2018-02-02,1415.0078125,890.611328,955.568665,279.879028
2018-02-05,1392.3720703125,888.444763,938.816711,280.537842
2018-02-06,1344.8331298828125,878.547424,930.453125,274.608032
2018-02-07,1325.8983154296875,880.8125,918.680176,275.596344
2018-02-08,1334.490966796875,890.808289,922.67804,283.69104
2018-02-09,1333.3687744140625,884.210083,907.25061,278.984802
2018-02-12,1331.3948974609375,901.59198,920.568787,271.784302
2018-02-14,1306.4925537109375,919.466248,923.757324,259.97171
2018-02-15,1312.7969970703125,921.435913,923.144043,262.324829
2018-02-16,1316.02685546875,907.303833,921.525269,255.689011
2018-02-19,1311.787109375,912.917236,921.329041,252.724106
2018-02-20,1321.27685546875,907.106934,913.970947,253.806549
2018-02-21,1365.04638671875,915.231567,911.125916,257.242065
2018-02-22,1368.5908203125,910.307434,909.065613,256.583221
2018-02-23,1380.0775146484375,920.05719,922.481873,259.830475
2018-02-26,1360.290283203125,924.439514,937.688538,258.324554
2018-02-27,1365.06884765625,936.060303,933.273743,251.876999
2018-02-28,1361.7933349609375,940.048767,924.272278,252.253479
2018-03-01,1362.982666015625,933.992188,919.440491,246.747192
2018-03-05,1393.56103515625,910.06134,917.282104,248.017883
2018-03-06,1365.2708740234375,897.012573,905.656372,241.476227
2018-03-07,1358.38330078125,876.233154,898.960571,232.157898
2018-03-08,1347.8394775390625,897.603516,908.89386,241.711533
2018-03-09,1361.3671875,899.228394,908.010986,238.370132
2018-03-12,1369.466064453125,916.167114,915.957703,237.993652
2018-03-13,1295.2752685546875,917.693542,912.523926,239.73494
2018-03-14,1295.3199462890625,914.936096,914.608765,241.946854
2018-03-15,1287.6026611328125,897.948181,922.604492,238.793701
2018-03-16,1267.8603515625,886.376648,908.967468,237.475937
2018-03-19,1270.2384033203125,881.895813,906.146912,233.381531
2018-03-20,1285.426513671875,876.28241,902.345215,234.463974
2018-03-21,1281.7921142578125,883.274597,911.861694,233.428589
2018-03-22,1270.395263671875,894.353638,916.202942,227.35759
2018-03-23,1264.472900390625,880.32019,903.350891,221.004181
2018-03-26,1263.956787109375,887.410706,928.809692,232.016724
2018-03-27,1277.7315673828125,886.130432,928.392822,239.405502
2018-03-28,1278.38232421875,869.290222,925.204346,235.216949
2018-04-02,1305.5279541015625,879.384521,947.327576,231.687302
2018-04-03,1306.2457275390625,885.884277,939.822327,235.781708
2018-04-04,1306.08837890625,881.304932,923.806274,232.76973
2018-04-05,1327.199462890625,894.402832,936.388672,244.064667
2018-04-06,1323.766845703125,897.160339,943.501404,244.441193
2018-04-09,1311.921630859375,902.084351,951.178406,245.335342
2018-04-10,1318.069091796875,903.118408,942.250549,247.829636
2018-04-11,1352.416259765625,916.70874,941.26947,241.946854
2018-04-12,1408.5467529296875,914.591492,946.15033,238.887817
2018-04-13,1414.850830078125,924.587219,944.286255,236.205276
2018-04-16,1430.2633056640625,922.814575,952.6745,234.369843
2018-04-17,1420.8184814453125,929.905212,955.813965,233.569778
2018-04-18,1417.453369140625,923.750183,948.014404,231.969666
2018-04-19,1431.833984375,927.984802,951.153809,231.687302
2018-04-20,1526.6417236328125,913.803589,959.44397,227.028137
2018-04-23,1529.423583984375,921.780518,949.55957,228.204697
2018-04-24,1519.1038818359375,955.313293,949.191711,226.463409
2018-04-25,1557.0628662109375,955.75647,942.201477,223.263168
2018-04-26,1588.0223388671875,960.532776,946.861572,219.498169
2018-04-27,1548.851806640625,981.16449,943.501404,228.345886
2018-04-30,1584.8140869140625,948.665771,953.753662,231.922607
2018-05-02,1570.299072265625,957.923035,966.115234,226.83989
2018-05-03,1562.2677001953125,946.991577,965.330383,227.687012
2018-05-04,1561.774169921875,939.457825,975.435425,227.734085
2018-05-07,1534.9423828125,956.248779,969.99054,232.016724
2018-05-08,1544.0283203125,952.40802,964.913452,235.358154
2018-05-09,1565.6103515625,961.862244,970.481079,233.428589
2018-05-10,1548.5379638671875,966.244629,977.495728,233.381531
2018-05-11,1551.0953369140625,974.221619,986.840454,235.640533
2018-05-14,1540.595947265625,971.611816,991.74585,238.69957
2018-05-15,1562.5142822265625,964.078064,999.61908,233.428589
2018-05-16,1567.6744384765625,941.62439,992.530701,228.816513
2018-05-17,1566.732177734375,930.988464,994.689087,228.440018
2018-05-18,1571.331298828125,919.663147,987.036743,224.816223
2018-05-21,1595.87451171875,917.201111,977.667419,230.087173
2018-05-22,1574.40478515625,912.671082,976.122253,238.981949
2018-05-23,1568.212890625,898.391357,965.134155,247.735519
2018-05-24,1616.9404296875,901.936584,974.209106,252.724106
2018-05-25,1608.908935546875,906.811401,985.344238,251.265182
2018-05-28,1571.331298828125,906.417603,1001.777344,256.065521
2018-05-29,1580.955810546875,903.512329,997.068176,248.770859
2018-05-30,1576.738037109375,902.182861,1004.794312,251.45343
2018-05-31,1575.3804931640625,907.353027,1056.185425,253.712402
2018-06-01,1567.5987548828125,916.413269,1041.943115,251.029892
2018-06-04,1578.2757568359375,926.556824,1010.150513,247.547256
2018-06-05,1557.7813720703125,933.25354,1018.740356,248.064941
2018-06-06,1561.5364990234375,939.901062,1015.654968,254.277145
2018-06-07,1570.40380859375,956.593506,1018.049255,253.806549
2018-06-08,1580.855224609375,969.395996,1011.705627,256.959717
2018-06-11,1583.20751953125,967.721863,1008.22522,257.90094
2018-06-12,1611.529296875,982.001587,1008.990417,266.230957
2018-06-13,1650.5279541015625,987.270325,1002.868835,270.796021
2018-06-14,1617.4559326171875,992.637573,1005.806274,265.995667
2018-06-15,1664.960205078125,998.792603,1001.955627,261.148254
2018-06-18,1654.9620361328125,1000.12207,996.796692,260.583496
2018-06-19,1650.889892578125,980.918213,998.944153,256.583221
2018-06-20,1649.034912109375,1003.765808,1015.0625,257.242065
2018-06-21,1646.2301025390625,1016.272766,1015.778442,252.86528
2018-06-22,1637.5888671875,997.118347,1028.490601,257.006775
2018-06-25,1646.1395263671875,989.190674,1034.217041,252.677048
2018-06-26,1675.7734375,964.078064,1033.599976,251.688736
2018-06-27,1681.202392578125,956.987366,1042.93042,246.323639
2018-06-28,1667.3580322265625,936.279175,1051.939819,241.899811
2018-06-29,1671.927490234375,963.526794,1040.88147,244.11174
2018-07-02,1675.184814453125,951.785522,1023.504333,243.641098
2018-07-03,1695.7249755859375,962.387329,1021.998718,242.370422
2018-07-04,1688.5765380859375,981.014832,1038.462646,242.32338
2018-07-05,1701.3802490234375,955.64978,1048.434692,241.382126
2018-07-06,1730.923583984375,968.580017,1044.189087,242.088058
2018-07-09,1703.8232421875,987.950623,1049.372803,246.182465
2018-07-10,1696.675048828125,1016.288147,1059.616455,248.253204
2018-07-11,1791.5028076171875,1029.267944,1060.529663,243.876404
2018-07-12,1783.7666015625,1072.418335,1069.267822,247.311951
2018-07-13,1792.5887451171875,1089.708252,1076.648071,242.605728
2018-07-16,1799.9180908203125,1066.324707,1070.699341,236.817093
2018-07-17,1815.2860107421875,1082.326538,1074.599365,243.82933
2018-07-18,1813.5635986328125,1082.52478,1074.327881,244.299957
2018-07-19,1796.472412109375,1094.711792,1079.21521,244.911789
2018-07-20,1810.2540283203125,1118.293579,1080.671509,246.135406
2018-07-23,1818.4593505859373,1110.020142,1064.577759,250.700439
2018-07-24,1812.43017578125,1100.755859,1066.206909,251.171051
2018-07-25,1796.5631103515625,1104.91748,1071.439941,255.877289
2018-07-26,1781.3314208984375,1100.45874,1082.424072,270.796021
2018-07-27,1762.33642578125,1119.482422,1087.138672,269.901794
2018-07-30,1763.1072998046875,1140.834839,1071.217651,279.926086
2018-07-31,1759.117919921875,1175.11731,1075.956909,276.255188
2018-08-01,1792.030029296875,1181.408936,1065.688599,277.76123
2018-08-02,1766.5523681640625,1157.62915,1051.618896,276.631744
2018-08-03,1794.704833984375,1166.150269,1047.397949,281.667389
2018-08-06,1791.168701171875,1181.656616,1043.769531,290.373871
2018-08-07,1783.7337646484375,1173.33374,1051.964478,286.185333
2018-08-08,1789.763427734375,1206.526367,1054.655151,290.562164
2018-08-09,1790.08056640625,1206.774048,1045.842896,298.750946
2018-08-10,1807.0806884765625,1193.150269,1043.843628,286.561859
2018-08-13,1813.47265625,1176.801514,1032.587769,276.867004
2018-08-14,1816.5552978515625,1199.491577,1031.329102,277.572968
2018-08-16,1821.04345703125,1189.781494,1024.713867,275.502228
2018-08-17,1824.896728515625,1192.704468,1025.528442,284.349915
2018-08-20,1822.3580322265625,1223.568604,1034.834106,289.573822
2018-08-21,1829.3394775390625,1235.755615,1034.760132,288.962006
2018-08-23,1845.1607666015625,1257.801392,1026.787231,284.679352
2018-08-24,1852.323486328125,1265.77771,1021.825928,282.796875
2018-08-27,1859.4859619140625,1279.649292,1027.058838,289.90329
2018-08-28,1876.0782470703125,1306.896851,1034.167725,287.408966
2018-08-29,1878.6165771484373,1282.324341,1026.096191,291.503387
2018-08-30,1888.0460205078125,1262.755615,1019.97467,290.468048
2018-08-31,1884.4195556640625,1230.256592,1017.555603,291.409271
2018-09-03,1861.29931640625,1217.871338,1024.392944,288.35022
2018-09-04,1903.006103515625,1230.553833,1012.915161,278.984802
2018-09-05,1885.1905517578125,1215.741089,1009.977722,279.126007
2018-09-06,1881.608642578125,1249.825439,1013.112549,279.031891
2018-09-07,1885.734130859375,1266.867554,1015.45752,274.513916
2018-09-10,1886.550048828125,1244.326294,1007.657532,268.113464
2018-09-11,1855.27001953125,1226.342773,987.540405,265.995667
2018-09-12,1853.1846923828125,1241.00708,993.192871,268.536987
2018-09-14,1872.633056640625,1241.651123,1001.955627,273.572693
2018-09-17,1880.566162109375,1214.651245,983.492249,268.536987
2018-09-18,1877.4832763671875,1205.981445,982.011292,257.712708
2018-09-19,1883.9658203125,1199.640137,968.262512,255.547836
2018-09-21,1906.85888671875,1206.328247,972.656189,254.700714
2018-09-24,1993.2642822265625,1220.744751,950.663086,248.817932
2018-09-25,1979.438232421875,1219.307983,963.844177,254.983078
2018-09-26,1942.2198486328125,1239.917114,971.644104,248.347351
2018-09-27,1984.56103515625,1242.245605,975.568848,249.759216
2018-09-28,1979.8917236328125,1246.407104,990.329651,249.900375
2018-10-01,2045.035888671875,1220.397827,1004.843567,257.759766
2018-10-03,1960.9874267578125,1194.041992,1002.720825,255.736099
2018-10-04,1872.0888671875,1111.952271,966.485291,255.406677
2018-10-05,1906.40625,1039.225708,970.212463,243.170486
2018-10-08,1883.649169921875,1099.220215,960.190979,250.135696
2018-10-09,1896.5689697265625,1080.047729,958.018799,247.500214
2018-10-10,1852.867431640625,1091.987183,971.125793,262.27774
2018-10-11,1795.1580810546875,1077.818359,956.513123,246.747192
2018-10-12,1739.26171875,1116.212769,978.382751,248.253204
2018-10-15,1767.5501708984375,1129.291626,991.316956,247.735519
2018-10-16,1779.1551513671875,1153.121094,983.763733,254.418335
2018-10-17,1749.326171875,1140.735718,974.80365,245.805969
2018-10-19,1734.6376953125,1091.194458,971.421997,245.758911
2018-10-22,1725.3900146484375,1052.89917,986.799866,245.052963
2018-10-23,1675.100341796875,1045.021973,979.863708,240.629105
2018-10-24,1679.5067138671875,1036.154175,983.516907,240.676163
2018-10-25,1683.5955810546875,1021.341492,971.940369,234.887543
2018-10-26,1634.622802734375,1035.312134,968.188416,233.522736
2018-10-29,1699.9498291015625,1077.818359,950.959351,252.159378
2018-10-30,1721.57373046875,1047.301025,944.270081,257.100861
2018-10-31,1760.960693359375,1051.511963,943.776367,264.86615
2018-11-01,1758.780029296875,1046.557861,943.998535,269.101746
2018-11-02,1738.518798828125,1065.036743,962.387817,268.584076
2018-11-05,1717.984619140625,1080.29541,965.621399,277.620026
2018-11-06,1756.0087890625,1093.96875,960.956177,269.619446
2018-11-07,1764.5948486328125,1100.508179,966.584045,269.713531
2018-11-09,1734.6572265625,1083.416504,960.388489,266.607452
2018-11-12,1739.791015625,1070.089966,948.367615,261.618866
2018-11-13,1758.0531005859375,1089.36145,951.675171,261.712982
2018-11-14,1708.7176513671875,1087.875244,966.485291,266.93689
2018-11-15,1701.6304931640625,1086.7854,975.075195,268.631134
2018-11-16,1714.1236572265625,1117.054932,989.465759,273.807983
2018-11-19,1728.524169921875,1139.447632,994.204956,271.219574
2018-11-20,1706.5369873046875,1126.963257,993.489075,266.795746
2018-11-21,1646.34375,1102.68811,996.599243,270.184174
2018-11-22,1646.843505859375,1092.730225,990.058044,266.089783
2018-11-26,1677.3260498046875,1099.566895,1011.927734,269.572388
2018-11-27,1717.439697265625,1117.847656,1018.937866,272.396118
2018-11-28,1802.528076171875,1142.073364,1031.403076,267.831055
2018-11-29,1781.3128662109375,1157.777832,1052.038696,269.572388
2018-11-30,1788.3087158203125,1156.83667,1050.754883,267.925201
2018-12-03,1801.1654052734375,1145.838379,1043.275879,269.948853
2018-12-04,1827.0142822265625,1141.726563,1029.576538,265.948578
2018-12-05,1823.2891845703125,1144.550415,1036.315063,263.689575
2018-12-06,1810.5234375,1113.339355,1035.253784,259.453979
2018-12-07,1812.795166015625,1123.39624,1040.461914,259.218689
2018-12-10,1795.1689453125,1080.24585,1031.15625,258.089203
2018-12-11,1817.15625,1087.478882,1016.741089,264.725006
2018-12-12,1832.4205322265625,1100.310059,1029.453125,268.48996
2018-12-13,1801.34716796875,1096.891724,1037.351929,272.019592
2018-12-14,1807.843505859375,1101.994385,1034.58728,272.207855
2018-12-17,1811.9775390625,1119.532104,1051.618896,272.490265
2018-12-18,1806.1171875,1125.972534,1054.210693,275.549316
2018-12-19,1788.4906005859375,1126.368774,1048.286621,283.032196
2018-12-20,1775.4071044921875,1118.095337,1055.19812,276.772858
2018-12-21,1722.4822998046875,1090.104492,1042.214478,274.749207
2018-12-24,1743.107177734375,1079.156006,1027.157471,275.831665
2018-12-26,1716.4859619140625,1088.271606,1047.74353,276.867004
2018-12-27,1734.4300537109375,1109.921021,1039.203125,274.984528
2018-12-28,1722.7095947265625,1115.222046,1048.015015,277.478821
2018-12-31,1719.984130859375,1110.961426,1047.422729,278.514191
2019-01-01,1728.842529296875,1110.713623,1060.455688,281.996826
2019-01-02,1747.4681396484375,1096.247681,1050.779785,276.631744
2019-01-03,1726.2530517578125,1082.7229,1042.5354,273.996216
2019-01-04,1705.264892578125,1088.568726,1045.324707,280.161377
2019-01-07,1724.3902587890625,1094.612793,1046.904297,278.890686
2019-01-08,1720.4381103515625,1094.513794,1038.191162,287.361877
2019-01-09,1714.44140625,1100.557861,1045.003784,287.361877
2019-01-10,1715.8951416015625,1097.337524,1040.906372,287.597198
2019-01-11,1674.1005859375,1087.974365,1042.584717,284.961731
2019-01-14,1647.479248046875,1086.73584,1037.524658,282.749786
2019-01-15,1697.04248046875,1119.284302,1047.521484,283.926361
2019-01-16,1699.177490234375,1125.477051,1046.682251,285.338196
2019-01-17,1724.808837890625,1124.040161,1052.65564,279.926086
2019-01-18,1730.5904541015625,1173.482422,1051.643677,277.620026
2019-01-21,1737.9200439453125,1226.342773,1060.480347,275.266937
2019-01-22,1731.7288818359375,1223.816284,1054.408203,273.196198
2019-01-23,1707.78173828125,1215.047607,1039.375854,269.807678
2019-01-24,1731.409912109375,1236.003296,1037.820801,271.125427
2019-01-25,1748.937744140625,1234.566772,1034.735352,268.631134
2019-01-28,1780.0777587890625,1218.2677,1028.885254,265.054443
2019-01-29,1805.3447265625,1199.541138,1015.778442,264.113159
2019-01-30,1804.115478515625,1184.728149,1004.473267,270.560699
2019-01-31,1833.8895263671875,1215.889771,1026.81189,276.396393
2019-02-01,1848.3216552734373,1238.480469,1031.995361,267.68985
2019-02-04,1866.804931640625,1279.054688,1039.128906,267.266357
2019-02-05,1861.6151123046875,1279.69873,1043.64624,267.925201
2019-02-06,1889.15869140625,1298.227173,1047.891724,272.06665
2019-02-07,1896.5338134765625,1278.559326,1045.225952,270.513611
2019-02-08,1876.95703125,1265.975708,1047.891724,269.195892
2019-02-11,1881.054931640625,1241.750244,1056.28418,264.019043
2019-02-12,1868.0345458984373,1244.871338,1051.37207,259.218689
2019-02-14,1861.6607666015625,1212.966675,1041.745483,251.406387
2019-02-15,1848.0936279296875,1233.030884,1037.030884,247.500214
2019-02-18,1794.008544921875,1208.904419,1031.723877,244.676468
2019-02-19,1734.3690185546875,1204.94104,1028.835938,247.45314
2019-02-20,1743.4290771484375,1223.02356,1040.832153,251.97113
2019-02-21,1742.92822265625,1235.458496,1044.559448,252.253479
2019-02-22,1753.353515625,1221.04187,1032.489136,255.030167
2019-02-25,1807.52978515625,1220.992554,1049.249268,254.277145
2019-02-26,1856.288330078125,1209.052979,1041.967651,250.700439
2019-02-27,1873.9527587890625,1212.273071,1032.884033,251.924057
2019-02-28,1805.98193359375,1219.753906,1025.627197,253.241791
2019-03-01,1816.862548828125,1214.799805,1028.490601,256.912659
2019-03-05,1810.2158203125,1226.293335,1040.21521,260.207001
2019-03-06,1820.68701171875,1253.194336,1038.808105,261.760071
2019-03-07,1833.161376953125,1258.594238,1049.792358,265.195618
2019-03-08,1841.72021484375,1255.473022,1050.63147,264.677948
2019-03-11,1834.5269775390625,1292.133545,1050.754883,270.466583
2019-03-12,1832.3873291015625,1319.133423,1071.760742,270.042999
2019-03-13,1821.5064697265625,1334.937256,1099.184204,275.925781
2019-03-14,1809.5787353515625,1329.23999,1098.295654,274.749207
2019-03-15,1857.4267578125,1309.522583,1112.241699,280.86731
2019-03-18,1841.811279296875,1337.661987,1116.41333,281.38504
2019-03-19,1841.811279296875,1363.918823,1119.52356,285.24408
2019-03-20,1834.7547607421875,1362.828857,1134.950684,285.950012
2019-03-22,1826.19580078125,1329.43811,1123.670288,280.537842
2019-03-25,1806.710693359375,1312.296875,1126.212646,276.725861
2019-03-26,1805.2535400390625,1354.704102,1141.047607,285.667664
2019-03-27,1791.823486328125,1336.869263,1135.172852,290.65625
2019-03-28,1821.324462890625,1347.52063,1136.82666,300.256958
2019-04-01,1849.869384765625,1379.078369,1141.269653,303.786591
2019-04-02,1893.2559814453125,1376.947998,1132.901978,309.669373
2019-04-03,1893.2559814453125,1362.581177,1131.865112,301.668793
2019-04-04,1834.2540283203125,1340.634399,1127.520996,302.892426
2019-04-05,1865.0294189453125,1341.476563,1138.208984,298.421509
2019-04-08,1885.470458984375,1317.052856,1130.211548,294.421204
2019-04-09,1904.3641357421875,1322.204956,1129.150024,296.256683
2019-04-10,1857.699951171875,1319.183105,1104.515869,292.632904
2019-04-11,1838.8065185546875,1334.441772,1114.463257,296.397858
2019-04-12,1834.2540283203125,1330.775635,1118.289307,296.727295
2019-04-15,1924.2138671875,1327.852905,1129.915283,297.056732
2019-04-16,1941.05859375,1331.419678,1137.937378,297.197906
2019-04-18,1957.6759033203125,1373.232422,1132.30957,292.538727
2019-04-22,1968.0555419921875,1333.005005,1119.992432,291.832794
2019-04-23,1962.2279052734373,1351.335205,1108.440552,287.31485
2019-04-24,1988.0870361328125,1376.749878,1125.44751,292.491699
2019-04-25,1998.6036376953125,1359.806885,1117.400757,288.209045
2019-04-26,2038.2569580078125,1380.019653,1126.039917,294.138885
2019-04-30,2058.10693359375,1380.019653,1144.058838,291.738708
2019-05-02,2017.178466796875,1392.157349,1162.991089,290.044464
2019-05-03,1941.240966796875,1395.922363,1168.989258,291.785736
2019-05-06,1964.7779541015625,1372.192139,1149.489258,290.609192
2019-05-07,1959.4058837890625,1331.171997,1146.477905,287.503082
2019-05-08,1960.2249755859373,1287.526245,1139.023438,280.726135
2019-05-09,1978.162109375,1244.920776,1130.951904,281.714417
2019-05-10,1944.70068359375,1239.669434,1133.716431,289.950317
2019-05-13,1938.28125,1220.744751,1129.125366,288.867859
2019-05-14,1905.138427734375,1248.884033,1129.470825,296.162537
2019-05-15,1907.9154052734373,1245.366699,1128.878418,293.76236
2019-05-16,1920.071044921875,1253.739136,1140.701782,297.197906
2019-05-17,1907.9608154296875,1255.770386,1166.101318,300.492279
2019-05-20,1952.1214599609373,1313.733521,1200.781738,324.44693
2019-05-21,1920.9814453125,1327.505981,1186.637939,317.717041
2019-05-22,1895.4864501953125,1328.100464,1187.650146,321.058472
2019-05-23,1870.26513671875,1321.660156,1151.29126,322.093842
2019-05-24,1864.7564697265625,1324.583008,1171.655151,334.471222
2019-05-27,1871.2662353515625,1298.623535,1188.933716,340.44809
2019-05-28,1888.20263671875,1311.603271,1192.808838,338.89502
2019-05-29,1918.9783935546875,1301.001465,1193.154541,328.164856
2019-05-30,1954.2611083984373,1317.548218,1204.336182,332.776947
2019-05-31,2000.0152587890625,1317.94458,1197.32605,331.788605
2019-06-03,2041.671630859375,1347.71875,1213.000122,334.565308
2019-06-04,2003.854248046875,1339.247314,1210.630493,331.694519
2019-06-06,1988.2498779296875,1315.170166,1196.338867,317.105194
2019-06-07,2002.615234375,1302.834595,1208.334839,321.952606
2019-06-10,2048.27978515625,1307.045532,1204.657104,324.070435
2019-06-11,2067.832275390625,1316.953735,1208.7052,326.705902
2019-06-12,2075.266357421875,1319.92627,1198.165405,323.788055
2019-06-13,2069.025390625,1315.071167,1206.87854,326.141174
2019-06-14,2069.392333984375,1305.460205,1202.139404,323.599792
2019-06-17,2064.52734375,1270.533691,1195.672241,317.99942
2019-06-18,2066.041748046875,1269.245483,1193.327393,320.07016
2019-06-19,2074.3486328125,1265.629028,1198.807129,318.940643
2019-06-20,2090.91650390625,1284.851074,1205.264648,324.870453
2019-06-21,2065.12451171875,1267.759277,1199.229248,328.870758
2019-06-24,2088.667724609375,1250.816162,1201.091919,332.44751
2019-06-25,2081.599609375,1283.959229,1206.432007,335.600647
2019-06-26,2069.11669921875,1282.274902,1225.904175,337.106659
2019-06-27,2067.60205078125,1262.458374,1223.122559,340.871643
2019-06-28,2044.3333740234373,1241.60144,1213.907959,340.024506
2019-07-01,2055.669189453125,1257.207031,1234.671631,340.306885
2019-07-02,2067.189697265625,1266.768555,1239.365845,343.083557
2019-07-03,2053.92529296875,1270.781372,1236.708252,344.636627
2019-07-04,2058.5146484375,1272.218018,1233.802368,345.813171
2019-07-05,1985.4969482421875,1251.757446,1228.139404,348.872192
2019-07-08,1996.786865234375,1240.561279,1196.944336,334.424133
2019-07-09,1958.1893310546875,1268.35376,1181.818481,338.37735
2019-07-10,1935.103759765625,1267.115234,1186.58728,333.388763
2019-07-11,1929.91845703125,1269.790527,1195.727173,341.859955
2019-07-12,1934.5538330078125,1268.750122,1189.145386,342.236481
2019-07-15,1969.5250244140625,1264.390503,1189.567749,338.89502
2019-07-16,1937.599853515625,1281.135498,1187.804321,342.942383
2019-07-17,1947.950439453125,1270.087646,1190.908813,350.519379
2019-07-18,1900.7523193359373,1250.27124,1198.08667,342.283508
2019-07-19,1910.8726806640625,1237.539185,1180.079834,335.082977
2019-07-22,1941.188232421875,1268.750122,1141.135498,330.235626
2019-07-23,1943.5343017578125,1261.864014,1124.370605,322.093842
2019-07-24,1929.1358642578125,1247.546387,1133.013916,319.646606
2019-07-25,1957.74853515625,1220.199707,1135.572144,321.246674
2019-07-26,1940.40576171875,1202.662231,1131.225586,322.470337
2019-07-29,1959.680908203125,1199.838257,1114.833252,323.599792
2019-07-30,2004.900634765625,1170.064087,1118.782227,308.304596
2019-07-31,2029.327392578125,1155.548462,1118.484131,312.681396
2019-08-01,2005.7283935546875,1169.420044,1106.112793,298.515656
2019-08-02,2028.959228515625,1179.919556,1102.403809,290.326843
2019-08-05,2068.79736328125,1139.072998,1084.929443,282.608582
2019-08-06,2037.7916259765625,1124.079346,1089.833252,283.69104
2019-08-07,2036.4581298828125,1105.25,1087.294189,272.86673
2019-08-08,2077.5380859375,1148.039307,1111.763184,277.055298
2019-08-09,2066.634765625,1157.752808,1136.083008,274.231537
2019-08-13,2023.5772705078125,1269.981445,1105.390869,266.701599
2019-08-14,2028.1312255859373,1283.430908,1109.921265,272.725555
2019-08-16,1991.9742431640625,1273.219238,1109.050049,273.807983
2019-08-19,1990.0419921875,1287.764648,1098.670044,269.995941
2019-08-20,2011.8929443359373,1271.17688,1105.515381,267.031036
2019-08-21,2011.38671875,1266.195557,1108.129028,261.101166
2019-08-22,2038.803955078125,1242.086182,1082.365601,252.771133
2019-08-23,2067.968994140625,1271.077271,1076.690063,255.171326
2019-08-26,2094.2822265625,1262.061279,1123.213623,263.736694
2019-08-27,2057.665283203125,1270.081055,1125.105469,268.913544
2019-08-28,2060.195068359375,1258.574341,1118.907349,268.160522
2019-08-29,2054.8583984375,1237.104858,1108.676636,258.371582
2019-08-30,2078.917724609375,1243.879517,1109.174438,257.759766
2019-09-03,2071.557373046875,1201.887085,1100.71106,252.629959
2019-09-04,2065.85302734375,1196.656738,1119.03186,258.93631
2019-09-05,2038.1597900390625,1194.116211,1112.758911,257.242065
2019-09-06,2021.783203125,1217.92688,1118.110718,257.853882
2019-09-09,2008.3045654296875,1217.62793,1119.952881,261.665924
2019-09-11,1981.7618408203125,1229.782349,1120.799194,268.48996
2019-09-12,1962.9931640625,1205.822266,1130.532104,270.184174
2019-09-13,1970.67529296875,1221.015259,1123.86084,274.561005
2019-09-16,1978.0819091796875,1206.220825,1117.239502,267.97229
2019-09-17,1952.91845703125,1192.970581,1100.910278,257.853882
2019-09-18,1967.5474853515625,1201.189697,1089.161133,263.924927
2019-09-19,1933.87353515625,1174.639526,1096.305176,257.947998
2019-09-20,1900.2918701171875,1249.657715,1194.43042,283.97345
2019-09-23,1854.6124267578125,1234.564331,1251.832031,295.315399
2019-09-24,1881.2015380859373,1273.916626,1248.396973,284.820557
2019-09-25,1921.453125,1274.76355,1234.357666,263.783722
2019-09-26,1920.6707763671875,1291.948975,1237.14563,265.289703
2019-09-27,1891.7357177734373,1304.153198,1238.838257,264.677948
2019-09-30,1931.4359130859373,1327.266357,1222.1604,254.888962
2019-10-01,1895.2320556640625,1300.018677,1243.418579,240.911499
2019-10-03,1895.5081787109373,1306.14563,1218.277344,239.217239
2019-10-04,1913.0811767578125,1303.206665,1184.57312,235.264023
2019-10-07,1883.961669921875,1305.199219,1181.785278,234.463974
2019-10-09,1858.56884765625,1319.794434,1222.857544,245.617737
2019-10-10,1844.169921875,1357.652222,1195.376465,239.217239
2019-10-11,1827.977294921875,1347.540161,1193.634033,239.593735
2019-10-14,1859.3966064453125,1352.920044,1199.209839,240.440872
2019-10-15,1874.3931884765625,1359.046997,1217.779541,243.264618
2019-10-16,1882.7655029296875,1367.216309,1215.837769,241.0056
2019-10-17,1905.802734375,1391.276001,1214.742554,249.853317
2019-10-18,1930.5760498046875,1411.051758,1223.703857,253.806549
2019-10-22,1924.9925537109373,1408.859985,1233.959473,254.606598
2019-10-23,1942.54052734375,1387.191406,1236.249512,259.265747
2019-10-24,1953.707275390625,1431.076538,1230.773193,247.076645
2019-10-25,1994.0106201171875,1425.846191,1223.703857,265.007355
2019-10-29,2059.603271484375,1461.562134,1237.14563,264.160217
2019-10-30,2113.982177734375,1473.567017,1242.970337,272.86673
2019-10-31,2129.793701171875,1458.872192,1225.047974,294.044739
2019-11-01,2065.2802734375,1451.450073,1234.706177,295.127136
2019-11-04,2058.7587890625,1452.197266,1231.519897,295.833069
2019-11-05,2066.172119140625,1441.885986,1234.158569,300.445221
2019-11-06,2053.644287109375,1429.532349,1251.234619,298.892151
2019-11-07,2050.68896484375,1453.143677,1258.254272,299.456879
2019-11-08,1998.7021484375,1440.092651,1250.189209,297.433197
2019-11-11,1971.489501953125,1422.458984,1259.299683,299.551025
2019-11-13,2044.354736328125,1466.79248,1252.130859,288.773712
2019-11-14,2061.432861328125,1457.278198,1268.410278,288.020782
2019-11-15,2040.4600830078125,1465.347778,1272.393066,302.986572
2019-11-18,2019.9569091796875,1453.741455,1256.61145,305.998535
2019-11-19,1978.855712890625,1504.102295,1266.418945,310.987152
2019-11-20,1978.6214599609373,1541.860596,1267.862671,309.48114
2019-11-21,1987.5830078125,1531.848145,1277.81958,311.881348
2019-11-22,1944.0418701171875,1540.714844,1259.299683,309.951721
2019-11-25,1953.2379150390625,1555.708618,1265.622314,316.352203
2019-11-26,1920.5355224609373,1554.413452,1269.55542,315.787476
2019-11-27,1927.7139892578125,1563.977539,1272.890991,323.364471
2019-11-28,1949.3438720703125,1574.388428,1259.847412,328.776642
2019-11-29,1926.7286376953125,1545.347534,1269.455688,321.764404
2019-12-02,1896.5128173828125,1580.565186,1260.29541,318.611206
2019-12-03,1924.617431640625,1572.993652,1249.990112,316.493408
2019-12-04,1950.4229736328125,1546.891602,1246.256226,321.764404
2019-12-05,1990.5858154296875,1545.048584,1240.2323,316.44635
2019-12-06,1992.743896484375,1549.083496,1240.68042,301.198212
2019-12-09,1933.4847412109373,1566.717163,1237.593628,298.092102
2019-12-10,1888.818115234375,1556.107056,1244.115479,294.985992
2019-12-11,1916.078125,1556.55542,1243.368652,294.421204
2019-12-12,1896.3720703125,1562.333618,1258.154663,302.939484
2019-12-13,1943.619384765625,1576.97876,1258.403564,313.010803
2019-12-16,1995.6998291015625,1560.739624,1251.931641,312.351929
2019-12-17,2031.54541015625,1556.854248,1265.622314,313.340271
2019-12-18,2034.173583984375,1569.955078,1286.780762,307.739868
2019-12-19,2091.69580078125,1603.92749,1283.246094,308.869324
2019-12-20,2085.92529296875,1593.118042,1291.112061,317.99942
2019-12-23,2094.182861328125,1565.521729,1296.787476,312.869598
2019-12-24,2079.074951171875,1540.665039,1283.594604,311.975464
2019-12-26,2066.265869140625,1509.731201,1264.975098,310.469482
2019-12-27,2063.028564453125,1536.580322,1269.505615,317.434662
2019-12-30,2048.671142578125,1538.423462,1276.624756,314.752106
2019-12-31,2028.495849609375,1508.386353,1266.618042,314.140289
2020-01-01,2034.0318603515625,1503.952881,1273.090088,314.799225
2020-01-02,2024.6951904296875,1529.556763,1281.204956,319.364197
2020-01-03,2065.04541015625,1531.399902,1262.934082,314.093262
2020-01-06,2064.858154296875,1495.883179,1235.602295,300.256958
2020-01-07,2069.92529296875,1518.896729,1255.167603,299.692169
2020-01-08,2116.281494140625,1507.489624,1251.881836,301.009949
2020-01-09,2077.90185546875,1542.209229,1265.921143,310.79892
2020-01-10,2077.1513671875,1541.860596,1277.172363,312.728424
2020-01-13,2055.380859375,1537.925293,1280.45813,311.316559
2020-01-14,2070.910888671875,1523.678833,1283.943115,308.728149
2020-01-15,2089.677978515625,1518.149536,1278.715698,305.198486
2020-01-16,2100.8447265625,1532.147095,1282.101074,304.304291
2020-01-17,2082.35888671875,1575.085815,1272.641968,299.315674
2020-01-20,2036.6134033203125,1526.617798,1249.492188,295.550751
2020-01-21,2037.269775390625,1528.161987,1238.987671,295.268341
2020-01-22,2070.910888671875,1527.614014,1235.502686,297.574402
2020-01-23,2060.6123046875,1521.138306,1239.485474,304.210205
2020-01-24,2053.510986328125,1515.858276,1239.18689,305.010223
2020-01-27,2040.2032470703125,1500.914307,1207.971802,297.62146
2020-01-28,2053.8408203125,1466.244507,1217.928711,296.58609
2020-01-29,2026.4248046875,1474.314209,1230.524292,297.856781
2020-01-30,2010.6708984375,1438.349243,1220.766602,292.444641
2020-01-31,1955.369140625,1406.369385,1221.015503,299.739288
2020-02-03,1977.4241943359373,1380.317139,1187.65979,280.58493
2020-02-04,1982.3612060546875,1421.064209,1224.500366,288.256073
2020-02-05,2018.853515625,1443.081421,1239.286377,292.72702
2020-02-06,2001.736083984375,1452.34668,1234.457275,303.03363
2020-02-07,2009.4483642578125,1428.286987,1236.846924,301.715881
2020-02-10,2033.3372802734373,1430.229736,1234.9552,299.786316
2020-02-11,2025.2957763671875,1447.315552,1235.253784,305.292633
2020-02-12,2041.6136474609373,1464.799927,1243.617554,301.386475
2020-02-13,2061.552734375,1468.635498,1236.050415,308.21048
2020-02-14,2054.263671875,1482.035156,1214.095337,300.633484
2020-02-17,2072.18017578125,1472.720215,1211.904907,295.739014
2020-02-18,2083.936767578125,1461.910767,1208.021729,298.892151
2020-02-19,2065.69091796875,1498.174683,1221.911499,301.527618
2020-02-20,2028.49365234375,1480.391357,1211.855103,308.398712
2020-02-24,1989.5096435546875,1439.544678,1204.73584,303.974884
2020-02-25,2027.882080078125,1411.101563,1195.127563,307.598633
2020-02-26,1997.2691650390625,1386.792847,1194.082031,308.916412
2020-02-27,1980.2451171875,1381.064331,1194.281128,303.03363
2020-02-28,1881.162841796875,1323.67981,1172.575073,285.197052
2020-03-02,1882.2442626953125,1311.226563,1174.516602,270.513611
2020-03-03,1915.0682373046875,1337.82666,1176.707275,272.819702
2020-03-04,1959.2718505859373,1334.688477,1143.89917,268.536987
2020-03-05,1998.632568359375,1306.245239,1146.388428,271.549042
2020-03-06,1990.5438232421875,1266.245483,1130.009277,254.606598
2020-03-09,1855.0164794921875,1109.982178,1102.52832,238.558365
2020-03-11,1837.4759521484373,1149.234863,1109.000244,230.699005
2020-03-12,1664.56298828125,1059.02356,1016.898865,200.108566
2020-03-13,1698.8447265625,1101.165405,1065.189941,227.781128
2020-03-16,1595.482421875,1011.900513,995.19281,210.226929
2020-03-17,1559.366943359375,1004.229309,970.897949,202.508713
2020-03-18,1555.9810791015625,964.877075,873.121155,202.555771
2020-03-19,1550.2493896484375,914.26709,891.690735,191.684402
2020-03-20,1702.8726806640625,1014.14209,879.045471,197.520126
2020-03-23,1581.8446044921875,880.74292,768.225098,170.929977
2020-03-24,1613.5347900390625,939.870972,764.391724,172.435959
2020-03-25,1658.203857421875,1078.201538,853.057983,178.74231
2020-03-26,1696.71484375,1062.211548,897.216797,181.424835
2020-03-27,1728.4996337890625,1061.61377,900.552429,184.436829
2020-03-30,1684.919921875,1026.595215,828.066162,175.918564
2020-03-31,1730.0152587890625,1109.58374,858.185791,185.283951
2020-04-01,1618.8399658203125,1076.408203,826.074768,175.589142
2020-04-03,1567.1600341796875,1073.419434,810.342834,165.188385
2020-04-07,1681.793701171875,1201.588257,892.238342,175.447937
2020-04-08,1615.713623046875,1187.69043,885.069458,172.247711
2020-04-09,1673.2196044921875,1215.386353,921.063599,176.718628
2020-04-13,1666.6826171875,1184.70166,891.491577,172.718338
2020-04-15,1643.850830078125,1145.548584,859.579712,171.63591
2020-04-16,1625.756103515625,1163.680664,875.958862,177.424561
2020-04-17,1711.1622314453125,1219.421265,906.377197,181.895477
2020-04-20,1722.957275390625,1239.147217,940.778259,181.189545
2020-04-21,1646.219482421875,1232.721313,917.678284,173.894882
2020-04-22,1676.3935546875,1358.499023,924.598328,177.612808
2020-04-23,1779.421142578125,1365.771729,950.834778,175.730331
2020-04-24,1722.86279296875,1411.699341,934.007568,169.188675
2020-04-27,1739.9627685546875,1424.401611,925.693604,170.271103
2020-04-28,1761.231689453125,1422.807617,927.386292,173.471329
2020-04-29,1805.379638671875,1421.612061,972.889282,178.930557
2020-04-30,1908.4547119140625,1446.797485,997.482849,179.307037
2020-05-04,1828.874755859375,1416.401611,919.022461,168.341553
2020-05-05,1831.0537109375,1441.517456,907.522278,160.388016
2020-05-06,1803.4375,1441.616943,942.321655,161.046921
2020-05-07,1792.1162109375,1487.21582,921.013855,160.717468
2020-05-08,1793.7740478515625,1541.342529,925.046387,156.858383
2020-05-11,1833.469482421875,1556.146973,911.853455,155.728882
2020-05-12,1846.9224853515625,1459.878418,897.664917,157.093658
2020-05-13,1847.064697265625,1490.852051,923.652466,163.870651
2020-05-14,1802.253173828125,1430.578369,889.848755,158.081985
2020-05-15,1793.300537109375,1453.940674,884.322693,156.623062
2020-05-18,1843.227294921875,1435.360474,833.044617,146.175247
2020-05-19,1846.1170654296875,1403.629639,827.070435,143.822144
2020-05-20,1850.8065185546875,1428.336792,853.406433,144.386856
2020-05-21,1886.427978515625,1435.858643,855.845886,143.022079
2020-05-22,1914.044189453125,1426.194946,835.235046,141.986725
2020-05-26,1840.764404296875,1418.723022,848.726746,142.504395
2020-05-27,1899.786376953125,1440.142578,899.755859,149.281372
2020-05-28,1898.8388671875,1466.742676,941.176575,148.904861
2020-05-29,1868.5701904296875,1458.921997,947.549011,151.822708
2020-06-01,1937.634033203125,1514.66272,983.39386,160.058609
2020-06-02,1939.4342041015625,1529.9552,996.68634,160.246841
2020-06-03,1944.1849365234373,1535.883057,1017.844788,164.623627
2020-06-04,1987.3223876953125,1573.890381,997.383301,163.823578
2020-06-05,1946.1805419921875,1575.783203,1028.896851,176.765701
2020-06-08,1968.5093994140625,1563.628784,1011.522156,175.824448
2020-06-09,1968.7943115234373,1531.399902,983.045349,173.612534
2020-06-10,2003.6656494140625,1566.268921,987.575745,176.67157
2020-06-11,1964.61376953125,1531.947754,964.425903,166.741425
2020-06-12,1937.866455078125,1582.856689,978.514954,168.623917
2020-06-15,1928.7449951171875,1608.510376,945.756714,163.494141
2020-06-16,1943.8524169921875,1611.648438,986.132019,162.741135
2020-06-17,1945.7529296875,1609.307251,975.03009,162.788208
2020-06-18,1936.5360107421875,1649.705688,1015.554688,169.094528
2020-06-19,1942.7122802734373,1752.818481,1028.896851,173.659592
2020-06-22,1926.891845703125,1739.618042,1024.316772,176.67157
2020-06-23,1933.875732421875,1714.462524,1037.80835,181.142471
2020-06-24,1940.4317626953125,1721.386475,1028.050537,173.753723
2020-06-25,1915.632568359375,1711.473755,1024.316772,174.365509
2020-06-26,2013.262451171875,1735.134888,1051.897339,173.753723
2020-06-29,1996.9190673828125,1716.704102,1071.412964,168.718033
2020-06-30,1978.3909912109373,1697.725342,1061.256836,167.965057
2020-07-01,1987.7978515625,1731.099976,1079.926025,173.941971
2020-07-02,2049.65380859375,1760.349976,1084.705444,174.553757
2020-07-03,2090.03564453125,1787.900024,1069.321899,173.847839
2020-07-06,2150.419189453125,1851.800049,1098.246826,177.001007
2020-07-07,2156.784912109375,1823.449951,1100.387573,177.518677
2020-07-08,2108.325927734375,1798.0,1105.565063,180.624786
2020-07-09,2094.501708984375,1824.25,1120.102173,187.401764
2020-07-10,2111.604736328125,1878.050049,1100.337646,184.107422
2020-07-13,2109.371826171875,1935.0,1075.594849,181.377792
2020-07-14,2063.7158203125,1917.0,1054.286987,175.118515
2020-07-15,2122.57861328125,1844.0,1048.611572,173.000702
2020-07-16,2128.149658203125,1843.400024,1057.971191,175.306763
2020-07-17,2095.771728515625,1911.699951,1093.716309,177.142181
2020-07-20,2102.580078125,1919.900024,1128.167358,179.542358
2020-07-21,2118.912841796875,1971.550049,1133.643677,182.97789
2020-07-22,2086.439453125,2004.0,1121.496094,180.718903
2020-07-23,2067.63134765625,2057.800049,1125.528687,186.601685
2020-07-24,2054.489501953125,2146.149902,1114.277344,180.67186
2020-07-27,2101.533203125,2156.199951,1074.848022,176.15387
2020-07-28,2199.572509765625,2177.699951,1081.967285,178.318741
2020-07-29,2167.47998046875,2096.649902,1060.012207,179.965927
2020-07-30,2170.76513671875,2108.850098,1046.122437,175.589142
2020-07-31,2172.574462890625,2067.100098,1028.349365,180.201233
2020-08-03,2146.6240234375,2009.0,997.682007,180.954239
2020-08-04,2142.38623046875,2150.600098,1037.161133,180.342407
2020-08-05,2151.719482421875,2126.449951,1023.121948,180.201233
2020-08-06,2198.0009765625,2134.100098,1036.21521,179.730606
2020-08-07,2185.859130859375,2146.449951,1039.351685,179.448227
2020-08-10,2173.908203125,2119.850098,1046.122437,182.413162
2020-08-11,2171.146484375,2133.800049,1062.053467,183.589706
2020-08-12,2149.671630859375,2127.600098,1059.116089,191.35498
2020-08-13,2146.91015625,2122.050049,1054.486206,190.037231
2020-08-14,2135.196533203125,2113.800049,1029.992188,184.954514
2020-08-17,2145.910400390625,2091.350098,1028.299561,181.754288
2020-08-18,2161.480224609375,2118.550049,1051.947144,183.636765
2020-08-19,2148.9580078125,2131.550049,1062.003662,185.472198
2020-08-20,2145.38623046875,2097.050049,1054.436401,183.307343
2020-08-21,2141.33935546875,2081.850098,1080.971558,186.742874
2020-08-24,2140.863525390625,2095.75,1112.236328,189.613678
2020-08-25,2135.67333984375,2082.100098,1114.874756,195.731781
2020-08-26,2146.00537109375,2137.300049,1113.630127,197.520126
2020-08-27,2141.1484375,2110.600098,1107.307495,202.97934
2020-08-28,2131.7685546875,2116.149902,1109.697266,211.638809
2020-08-31,2149.576904296875,2080.699951,1111.041382,199.543793
2020-09-01,2139.196533203125,2087.25,1122.442139,205.285416
2020-09-02,2157.099853515625,2128.199951,1129.262573,203.544098
2020-09-03,2189.811279296875,2112.100098,1126.026611,200.626221
2020-09-04,2179.62158203125,2077.25,1114.476563,194.46109
2020-09-07,2216.04736328125,2082.649902,1105.714478,195.684692
2020-09-08,2236.188232421875,2107.100098,1107.656006,192.060898
2020-09-09,2216.6181640625,2161.350098,1091.77478,183.401474
2020-09-10,2219.951416015625,2314.0,1085.850464,186.507568
2020-09-11,2260.852783203125,2319.75,1074.001709,190.790222
2020-09-14,2372.557373046875,2302.550049,1053.390869,186.837006
2020-09-15,2372.557373046875,2318.850098,1065.886841,188.39006
2020-09-16,2383.603515625,2324.550049,1088.937134,186.554611
2020-09-17,2343.559814453125,2298.75,1078.930298,183.966202
2020-09-18,2333.036865234375,2305.699951,1052.743774,181.283661
2020-09-21,2347.7021484375,2255.850098,1044.778198,174.883209
2020-09-22,2402.6025390625,2211.149902,1030.93811,175.259689
2020-09-23,2349.75,2230.800049,1042.737061,173.000702
2020-09-24,2220.9990234375,2181.199951,1025.959717,165.988449
2020-09-25,2306.75341796875,2201.699951,1039.500977,171.494736
2020-09-28,2310.56298828125,2216.25,1049.656982,176.248001
2020-09-29,2369.70068359375,2245.050049,1057.971191,174.177261
2020-09-30,2373.414306640625,2234.350098,1073.951904,174.506699
2020-10-01,2403.078369140625,2225.25,1102.179688,179.11882
2020-10-05,2576.73046875,2212.199951,1109.547852,177.659882
2020-10-06,2584.8251953125,2210.350098,1139.169678,180.342407
2020-10-07,2605.44189453125,2257.5,1157.241455,179.4953
2020-10-08,2690.9111328125,2239.25,1186.664185,180.248291
2020-10-09,2678.76904296875,2233.449951,1228.234253,186.648773
2020-10-12,2695.005615234375,2237.050049,1208.419922,187.025253
2020-10-13,2691.719970703125,2280.699951,1193.2854,184.201523
2020-10-14,2686.986328125,2287.5,1206.279175,188.295944
2020-10-15,2620.997802734375,2206.5,1164.211304,181.518967
2020-10-16,2642.70703125,2175.800049,1194.181519,184.436829
2020-10-19,2593.215087890625,2176.199951,1198.363525,192.01384
2020-10-20,2619.46728515625,2155.899902,1218.675537,191.119675
2020-10-21,2558.642578125,2124.600098,1241.327515,191.778549
2020-10-22,2554.578369140625,2106.949951,1227.985352,191.35498
2020-10-23,2569.54541015625,2113.050049,1230.474487,190.884354
2020-10-26,2570.88427734375,2029.099976,1205.681885,185.142761
2020-10-27,2515.36767578125,2034.5,1227.786133,183.213211
2020-10-28,2507.7646484375,2011.449951,1204.387329,179.259979
2020-10-29,2517.75830078125,2026.900024,1182.083862,177.612808
2020-10-30,2548.55322265625,2054.5,1178.449707,178.130493
2020-11-02,2490.932861328125,1877.449951,1210.013062,184.53096
2020-11-03,2518.667236328125,1850.400024,1242.572144,192.719772
2020-11-04,2537.3642578125,1913.199951,1251.981445,194.837585
2020-11-05,2568.49365234375,1955.0,1263.730469,205.803055
2020-11-06,2589.294189453125,2029.150024,1302.014893,206.32077
2020-11-09,2607.6083984375,2050.699951,1334.773193,206.603134
2020-11-10,2533.968505859375,2084.550049,1387.644287,218.086319
2020-11-11,2570.501953125,1997.199951,1383.960205,220.439423
2020-11-12,2554.48291015625,1980.0,1365.788818,213.474213
2020-11-13,2540.90234375,1996.400024,1352.944458,215.968506
2020-11-17,2549.701171875,1993.25,1402.380493,226.086899
